Name,Date,Tags
TEMPLE OF THE FALLEN HEARTS,"September 27, 2022",Story Idea
ODD SEVEN,"July 17, 2022",Story Idea
EXPECT 0,"December 25, 2022",Character Idea
The rift series,"August 17, 2025",Story Idea
Cyberpunk - haunting spirits,"August 17, 2025",Story Idea
My Life in basketball,"November 23, 2023",Idea
Civil ser-vant,"June 20, 2023","Character Idea, Story Idea"
Steel bar,"June 20, 2023",
Only her,"November 20, 2023",
How many grandmasters are watching hiraku,"September 18, 2023",Idea
Concept and scene,"July 23, 2023",
Phamtom,"August 27, 2022",Character Idea
Nf hope,"April 6, 2023",
Name,"April 6, 2023",Character Idea
Universal saga,"April 21, 2023",
Story concepts (cards),"June 22, 2022",
Spy continue,"December 1, 2025",
Lvl 3 power,"September 23, 2023",Character Idea
Climax,"September 23, 2023",
"Vyapar ","October 21, 2025",
"Burning punches and frozen kicks ","March 26, 2023",
"8 bit wedding ","November 3, 2025",
Poor cleaner,"December 26, 2025",Character Idea
"Train talktime ","December 3, 2025",Story Idea
DRIFT-LANDERS,"November 3, 2025",Story Idea
The infinite win,"October 25, 2025",
The buried gold in the ground,"October 25, 2025",
The lost cafe\s,"October 13, 2025",
When I was left at pluto,"August 23, 2025",Idea
Crazzy punjaban,"July 4, 2025",
Gumsum puppet,"December 29, 2025",Short film
Amarta,"December 29, 2025",
Saga,,
marraige hai humse,,
,,
"Orangutan tiger  ",,